청구ID,부대,청구월,전투식량(MRE),K2소총탄약,방탄복,구급키트,무전기배터리,야간투시경,방독면,공병삽,낙하산,위성통신장비,대전차미사일,연막탄,수류탄,방한복,GPS장비
REQ-3000,1사단,12,1,1,0,1,1,1,1,0,1,1,0,1,0,1,1
REQ-3001,해병대,7,0,0,1,0,1,0,0,0,0,1,0,0,1,0,1
REQ-3002,1사단,5,1,0,1,1,0,1,0,0,1,1,0,0,0,0,0
REQ-3003,특전사,9,1,0,1,1,1,1,0,0,1,1,0,0,0,0,1
REQ-3004,특전사,10,0,0,0,1,0,0,0,0,1,1,0,0,0,0,0
REQ-3005,특전사,7,1,1,0,1,0,1,1,0,0,0,0,1,1,1,0
REQ-3006,2사단,9,1,1,1,1,1,1,1,0,1,1,0,0,0,1,1
REQ-3007,해병대,10,0,1,0,0,0,1,0,0,1,1,0,1,1,0,0
REQ-3008,해병대,4,0,0,0,0,1,1,1,0,0,1,0,1,1,0,1
REQ-3009,1사단,10,1,1,1,1,1,0,1,1,0,1,1,1,1,0,0
REQ-3010,2사단,12,0,1,0,0,0,0,1,0,1,0,1,1,0,0,1
REQ-3011,특전사,1,1,1,1,1,1,0,0,0,0,1,1,1,1,0,1
REQ-3012,1사단,8,1,1,1,1,0,1,1,1,0,0,1,1,1,0,0
REQ-3013,3사단,8,0,1,0,0,0,0,0,1,0,0,1,1,1,0,0
REQ-3014,공군지원,3,0,0,0,0,0,1,0,0,1,1,0,0,0,0,1
REQ-3015,공군지원,4,1,1,1,1,1,0,1,0,0,0,1,1,1,0,0
REQ-3016,특전사,2,0,1,1,0,0,0,1,0,1,1,1,1,0,0,0
REQ-3017,특전사,4,1,1,0,1,1,1,0,1,0,0,0,1,1,1,0
REQ-3018,3사단,7,1,1,0,1,0,0,0,0,1,1,1,1,1,1,1
REQ-3019,공군지원,8,1,1,1,1,1,0,1,0,1,1,1,1,0,0,1
REQ-3020,특전사,8,0,0,1,0,0,1,1,0,0,0,0,1,1,0,1
REQ-3021,해병대,3,1,1,0,1,0,1,0,0,0,0,1,1,1,1,0
REQ-3022,공군지원,7,1,0,0,0,0,0,1,0,1,0,0,1,0,0,0
REQ-3023,2사단,7,1,0,1,1,0,0,1,0,1,1,0,0,1,0,0
REQ-3024,해병대,2,0,0,0,0,0,0,1,1,1,1,1,0,1,0,0
REQ-3025,해병대,10,0,0,0,0,0,0,1,0,1,1,0,0,0,0,0
REQ-3026,1사단,2,1,1,1,1,0,0,0,0,0,0,1,1,1,0,0
REQ-3027,1사단,11,1,1,1,1,0,1,1,0,0,0,1,1,0,1,0
REQ-3028,특전사,11,1,0,0,1,1,1,0,0,0,1,0,0,1,1,1
REQ-3029,특전사,1,1,1,1,1,0,0,0,0,0,0,1,1,0,0,0
REQ-3030,2사단,9,0,0,0,1,0,1,1,0,0,1,1,0,0,0,0
REQ-3031,해병대,3,0,1,1,1,0,0,0,0,0,0,1,1,0,0,0
REQ-3032,2사단,2,1,0,0,0,0,1,1,0,0,0,0,0,0,0,0
REQ-3033,공군지원,12,0,1,0,0,0,0,1,1,1,1,1,1,1,0,0
REQ-3034,특전사,5,1,1,1,1,1,0,0,0,0,1,1,1,1,1,1
REQ-3035,2사단,5,1,1,1,1,0,1,0,0,1,1,0,0,0,0,1
REQ-3036,공군지원,2,0,1,0,0,1,0,1,0,1,1,1,1,0,0,1
REQ-3037,해병대,1,1,0,0,1,0,1,0,0,1,1,0,0,0,1,0
REQ-3038,1사단,9,0,1,0,0,1,1,1,0,1,1,1,1,0,0,1
REQ-3039,2사단,5,1,1,1,1,0,0,0,1,0,0,0,1,1,1,0
REQ-3040,2사단,4,0,1,0,0,0,1,1,0,0,1,0,1,1,0,0
REQ-3041,3사단,6,0,1,0,1,0,1,1,0,1,1,1,1,1,0,0
REQ-3042,3사단,10,1,1,1,1,0,1,1,0,1,1,0,1,1,1,0
REQ-3043,1사단,6,1,0,1,1,0,0,0,0,0,0,0,1,0,0,0
REQ-3044,1사단,9,1,1,0,1,1,0,1,0,0,1,1,1,1,1,1
REQ-3045,특전사,8,0,1,0,0,1,1,1,0,0,1,0,1,1,0,1
REQ-3046,해병대,1,1,1,1,0,1,0,1,0,1,1,1,1,1,0,0
REQ-3047,3사단,6,0,1,0,0,0,1,1,0,1,0,0,1,1,0,0
REQ-3048,3사단,10,1,1,1,1,0,0,1,0,0,0,0,1,1,1,0
REQ-3049,공군지원,6,1,1,1,1,1,1,1,0,0,0,0,1,1,1,1
REQ-3050,2사단,10,0,1,1,0,0,1,0,0,0,0,1,1,0,1,0
REQ-3051,공군지원,8,0,0,0,0,1,1,1,0,0,1,0,1,1,0,1
REQ-3052,2사단,12,1,1,0,1,1,1,1,0,0,1,1,1,1,1,1
REQ-3053,해병대,9,0,1,0,0,1,1,0,1,0,0,0,1,1,1,0
REQ-3054,2사단,7,1,1,0,1,1,0,1,0,1,1,0,0,0,1,0
REQ-3055,1사단,8,1,0,0,0,1,1,1,0,0,0,0,0,0,0,0
REQ-3056,특전사,9,1,1,0,1,1,0,1,1,1,1,1,1,0,1,1
REQ-3057,해병대,8,1,1,1,1,1,0,1,0,0,1,1,1,1,1,1
REQ-3058,해병대,12,0,1,0,1,0,1,1,0,0,0,1,1,1,0,1
REQ-3059,공군지원,1,1,1,1,1,0,1,1,0,0,0,1,1,0,1,0
REQ-3060,2사단,6,1,0,1,0,1,0,1,1,1,1,1,0,0,0,1
REQ-3061,특전사,10,0,1,0,0,0,1,1,1,0,0,1,1,1,0,0
REQ-3062,2사단,2,0,0,0,0,1,0,1,0,0,1,0,0,0,0,1
REQ-3063,3사단,5,1,0,0,1,0,0,0,0,1,1,0,0,1,1,1
REQ-3064,특전사,4,1,1,1,1,0,1,0,1,1,1,1,1,0,0,0
REQ-3065,1사단,5,0,1,1,0,1,0,1,1,1,1,1,1,1,0,1
REQ-3066,공군지원,6,1,1,0,1,0,0,1,1,0,1,0,1,1,1,0
REQ-3067,3사단,10,1,1,1,1,1,1,0,1,0,1,1,1,1,1,1
REQ-3068,3사단,11,1,1,1,1,0,0,1,0,0,0,0,1,1,1,0
REQ-3069,3사단,3,0,1,0,0,1,0,1,0,1,1,0,1,1,0,1
REQ-3070,1사단,5,0,1,1,0,1,0,1,0,0,1,1,1,1,0,0
REQ-3071,3사단,5,0,0,0,0,1,0,1,0,0,0,0,0,0,0,0
REQ-3072,3사단,9,1,0,0,1,0,1,1,1,1,1,0,0,0,1,0
REQ-3073,3사단,4,0,1,1,0,0,1,0,0,1,1,0,1,1,0,1
REQ-3074,해병대,8,1,1,1,1,0,1,0,0,1,1,1,1,0,1,0
REQ-3075,1사단,2,1,0,0,1,0,0,0,0,1,1,1,1,1,1,0
REQ-3076,공군지원,5,1,1,0,1,0,1,1,0,0,0,1,1,1,1,0
REQ-3077,특전사,1,1,1,0,0,1,0,1,1,0,0,0,0,0,0,0
REQ-3078,해병대,2,1,1,1,1,0,0,0,0,0,0,1,1,1,1,1
REQ-3079,1사단,10,0,1,0,0,1,1,1,0,1,1,1,1,0,0,0
REQ-3080,해병대,5,0,1,0,0,0,0,0,0,0,0,1,1,0,0,0
REQ-3081,1사단,3,1,1,1,1,0,0,0,0,1,1,1,1,0,1,1
REQ-3082,특전사,12,0,0,0,0,1,0,0,0,0,1,0,0,1,0,1
REQ-3083,해병대,12,0,1,1,0,1,0,1,0,1,0,1,1,1,0,0
REQ-3084,2사단,2,0,0,0,0,0,0,1,1,0,0,0,0,0,0,0
REQ-3085,2사단,12,1,1,0,0,1,1,1,0,0,1,0,0,1,0,1
REQ-3086,3사단,2,0,0,1,0,1,0,1,0,1,1,1,0,0,0,1
REQ-3087,2사단,2,1,1,1,1,1,0,1,0,0,1,1,1,1,1,1
REQ-3088,공군지원,11,0,0,0,1,0,0,0,1,0,1,0,0,0,1,1
REQ-3089,해병대,2,1,1,1,1,1,0,0,0,1,1,1,1,1,0,1
REQ-3090,3사단,7,1,1,1,1,1,0,0,0,0,1,0,0,0,1,1
REQ-3091,공군지원,2,1,1,1,1,1,0,0,1,1,1,1,1,1,0,1
REQ-3092,공군지원,1,0,1,0,0,0,0,1,1,0,0,1,1,0,0,0
REQ-3093,공군지원,10,0,1,0,0,0,1,0,0,1,1,0,1,1,0,1
REQ-3094,3사단,4,1,0,1,1,0,0,0,0,0,0,0,0,0,0,1
REQ-3095,1사단,7,0,0,1,0,1,0,1,0,0,1,0,1,0,0,1
REQ-3096,1사단,4,1,1,1,1,0,0,0,0,0,1,1,1,0,0,0
REQ-3097,2사단,1,1,1,1,1,1,1,1,0,0,1,1,1,1,0,1
REQ-3098,특전사,11,1,0,1,1,1,0,0,0,0,1,1,0,0,1,1
REQ-3099,공군지원,5,0,1,0,0,1,1,1,0,1,1,1,1,1,0,1
REQ-3100,해병대,8,1,1,1,1,0,0,0,0,1,1,0,1,1,1,0
REQ-3101,2사단,12,1,1,1,1,0,0,1,1,1,1,1,1,1,0,0
REQ-3102,특전사,8,1,1,0,1,0,0,0,0,0,0,0,1,1,1,0
REQ-3103,3사단,1,1,0,0,1,1,1,0,0,0,1,0,0,1,1,1
REQ-3104,1사단,9,0,0,0,0,1,0,0,0,1,1,1,1,0,0,0
REQ-3105,2사단,1,1,0,1,1,1,1,0,0,0,1,1,0,1,0,1
REQ-3106,공군지원,10,1,1,1,1,0,0,1,0,0,0,1,1,0,1,0
REQ-3107,3사단,8,1,1,1,1,0,1,1,0,1,1,0,1,1,0,0
REQ-3108,2사단,4,1,1,1,1,1,1,0,0,0,1,0,1,1,1,1
REQ-3109,공군지원,4,1,1,0,1,0,0,1,0,0,0,0,1,1,1,0
REQ-3110,1사단,2,1,1,1,1,0,0,1,1,1,1,0,0,0,1,0
REQ-3111,해병대,6,1,0,0,1,0,1,1,0,1,1,1,0,0,1,0
REQ-3112,해병대,4,1,0,0,1,0,0,0,0,1,0,0,1,1,1,0
REQ-3113,공군지원,2,0,0,0,0,0,0,1,0,0,0,0,0,0,0,1
REQ-3114,1사단,10,1,0,1,1,1,0,0,1,1,1,1,0,0,1,1
REQ-3115,3사단,12,1,0,1,1,0,0,0,0,0,0,0,1,0,0,0
REQ-3116,해병대,4,0,0,0,1,0,1,1,0,0,1,0,0,1,0,0
REQ-3117,3사단,6,1,1,0,1,0,0,1,0,0,0,0,0,0,1,1
REQ-3118,1사단,7,1,1,0,1,0,1,0,0,1,0,0,1,1,1,0
REQ-3119,해병대,7,0,1,1,0,0,1,1,0,0,0,0,1,1,0,0
REQ-3120,1사단,2,0,1,0,0,0,0,1,1,1,1,1,1,1,0,0
REQ-3121,해병대,2,1,0,0,0,0,0,0,0,0,0,0,0,0,0,1
REQ-3122,1사단,4,1,1,0,1,0,1,1,1,0,0,1,1,0,1,0
REQ-3123,2사단,1,1,1,1,1,0,1,1,0,1,1,1,1,1,1,0
REQ-3124,2사단,5,0,1,0,0,0,1,1,0,0,1,0,1,1,0,0
REQ-3125,해병대,9,1,1,0,0,1,0,0,1,0,1,0,1,1,0,1
REQ-3126,3사단,2,0,1,0,0,0,1,0,1,1,1,0,1,1,0,0
REQ-3127,공군지원,4,1,1,1,1,1,1,0,0,0,1,1,1,0,0,1
REQ-3128,1사단,7,0,1,0,0,0,0,0,0,0,0,0,1,1,0,1
REQ-3129,2사단,3,1,1,1,1,1,0,1,0,1,1,1,1,1,1,1
REQ-3130,공군지원,12,1,1,1,1,0,1,1,0,0,0,1,1,1,0,0
REQ-3131,공군지원,6,1,0,1,1,1,0,0,0,1,0,1,0,0,1,0
REQ-3132,2사단,2,1,1,1,1,0,1,1,1,0,0,1,1,1,1,0
REQ-3133,특전사,8,1,1,1,1,1,0,1,0,0,1,1,1,0,0,1
REQ-3134,특전사,7,1,0,0,1,1,1,1,1,0,1,0,0,0,1,1
REQ-3135,공군지원,2,1,0,1,1,0,1,0,0,1,1,0,0,0,0,1
REQ-3136,공군지원,1,0,0,1,1,0,1,0,0,1,1,0,0,0,0,1
REQ-3137,2사단,1,1,1,1,1,0,0,1,0,0,0,1,1,1,1,0
REQ-3138,공군지원,4,1,0,0,1,1,0,0,0,0,0,0,0,0,1,0
REQ-3139,해병대,12,1,0,0,1,1,0,1,0,1,1,0,1,0,1,1
REQ-3140,해병대,12,1,1,1,1,1,0,1,0,0,1,1,1,1,0,1
REQ-3141,해병대,5,1,0,1,1,1,0,1,0,1,1,0,1,1,1,1
REQ-3142,1사단,7,1,1,0,1,1,1,0,1,0,1,1,1,1,1,1
REQ-3143,특전사,10,0,1,1,0,0,0,0,0,0,0,1,1,0,0,0
REQ-3144,공군지원,6,1,0,0,0,0,1,0,0,1,1,0,0,0,0,0
REQ-3145,공군지원,4,0,0,0,0,0,1,0,1,1,1,0,1,0,0,1
REQ-3146,2사단,9,1,1,1,1,0,0,0,0,0,0,0,1,1,1,0
REQ-3147,해병대,7,1,1,0,1,1,1,1,0,1,1,0,0,0,1,0
REQ-3148,3사단,9,0,1,0,0,0,0,0,0,1,1,1,1,1,0,0
REQ-3149,2사단,3,1,1,0,0,1,1,0,1,1,1,1,1,1,1,1
REQ-3150,3사단,2,1,0,0,1,1,0,0,0,1,1,0,0,0,1,1
REQ-3151,특전사,10,1,1,0,1,1,1,0,0,1,1,1,1,1,1,1
REQ-3152,3사단,10,0,0,1,0,0,1,1,0,0,0,0,0,0,0,0
REQ-3153,해병대,11,1,0,1,1,1,1,1,0,1,1,0,0,0,0,1
REQ-3154,1사단,3,1,1,1,1,0,0,1,1,0,0,1,1,1,1,0
REQ-3155,해병대,6,0,1,1,1,0,0,0,0,0,1,1,0,0,0,0
REQ-3156,특전사,11,1,1,1,1,0,1,0,0,0,0,0,1,1,1,0
REQ-3157,3사단,3,0,1,0,1,0,1,1,0,1,1,0,1,1,0,0
REQ-3158,해병대,5,1,1,1,1,0,0,0,0,1,1,1,1,1,0,0
REQ-3159,공군지원,8,0,0,1,0,0,1,0,1,0,0,1,0,1,1,0
REQ-3160,2사단,3,0,0,0,0,1,0,1,0,1,1,0,0,0,0,1
REQ-3161,공군지원,10,0,1,0,0,0,1,0,0,0,0,0,1,1,0,0
REQ-3162,공군지원,7,1,0,1,1,0,0,1,0,1,1,1,0,0,1,1
REQ-3163,해병대,7,1,1,0,1,0,0,0,0,1,1,1,1,1,1,0
REQ-3164,특전사,2,1,1,1,1,0,0,0,0,0,0,0,1,1,1,1
REQ-3165,3사단,8,1,1,0,1,1,0,0,0,0,1,1,1,0,1,1
REQ-3166,1사단,7,0,0,1,0,1,1,1,0,1,1,0,0,0,0,1
REQ-3167,1사단,8,1,0,0,1,0,1,0,0,1,1,0,0,0,1,0
REQ-3168,해병대,4,0,0,0,0,1,1,1,0,0,1,1,0,1,1,1
REQ-3169,3사단,4,1,1,0,1,1,0,0,0,1,1,0,1,1,1,1
REQ-3170,공군지원,2,1,1,1,1,1,1,0,0,0,1,1,1,0,1,1
REQ-3171,1사단,8,1,1,0,1,0,0,1,1,0,1,0,1,1,1,0
REQ-3172,2사단,9,0,1,0,0,1,0,1,0,1,1,1,1,0,0,1
REQ-3173,공군지원,9,1,0,1,1,0,1,1,0,1,1,0,0,1,1,0
REQ-3174,특전사,3,1,1,1,1,1,1,1,0,1,1,1,1,1,0,1
REQ-3175,3사단,1,0,1,1,0,0,1,1,1,0,0,0,1,1,0,0
REQ-3176,특전사,3,0,0,1,0,0,0,1,0,0,0,0,0,1,0,0
REQ-3177,공군지원,10,0,1,0,1,1,0,0,0,0,1,1,1,1,0,1
REQ-3178,1사단,11,1,0,1,1,1,1,1,1,0,1,0,0,0,0,1
REQ-3179,특전사,1,0,1,1,0,0,0,1,0,1,1,0,1,1,1,0
REQ-3180,1사단,3,1,0,1,1,0,0,1,0,1,1,0,0,0,1,0
REQ-3181,공군지원,2,0,1,0,0,0,1,0,1,1,1,1,1,1,0,1
REQ-3182,공군지원,2,1,1,0,0,0,1,0,0,0,0,0,1,1,0,0
REQ-3183,1사단,2,1,1,0,0,1,1,1,1,0,1,0,1,1,0,1
REQ-3184,1사단,8,1,1,0,0,1,0,1,0,1,1,1,1,1,0,0
REQ-3185,공군지원,8,1,0,0,1,1,1,0,1,0,1,0,0,0,1,1
REQ-3186,3사단,1,0,0,0,0,0,0,0,0,1,1,0,1,0,0,0
REQ-3187,1사단,3,0,1,0,0,0,1,1,0,1,1,1,1,0,0,1
REQ-3188,2사단,12,1,1,0,1,1,1,0,0,0,1,1,1,0,1,1
REQ-3189,특전사,3,1,0,1,1,1,1,1,0,0,0,0,0,0,1,0
REQ-3190,2사단,1,1,1,1,1,0,0,0,0,0,1,1,1,0,0,0
REQ-3191,1사단,6,1,0,1,1,0,1,0,1,1,1,0,0,0,0,1
REQ-3192,해병대,2,0,1,0,1,0,1,1,0,1,0,0,1,1,0,0
REQ-3193,해병대,6,1,1,0,1,1,0,1,0,1,1,0,1,1,1,1
REQ-3194,2사단,4,1,0,1,1,0,0,0,0,0,1,0,0,0,1,0
REQ-3195,해병대,5,1,0,1,1,0,1,0,0,1,1,1,0,1,0,0
REQ-3196,특전사,8,0,1,1,0,1,0,1,1,1,1,0,1,1,1,1
REQ-3197,특전사,10,1,0,1,1,1,0,1,0,1,1,1,0,0,1,1
REQ-3198,해병대,4,0,0,0,0,1,0,0,0,0,1,1,0,0,0,1
REQ-3199,2사단,8,1,0,1,1,0,1,1,0,1,1,0,1,0,1,0
REQ-3200,2사단,11,0,1,1,1,1,1,0,1,0,1,1,1,1,0,1
REQ-3201,1사단,12,0,0,0,0,0,0,1,0,1,1,1,0,0,0,0
REQ-3202,1사단,12,1,1,0,0,0,0,0,1,1,0,1,1,1,0,0
REQ-3203,해병대,11,1,1,1,1,1,0,1,0,1,1,1,1,1,1,1
REQ-3204,2사단,8,1,1,1,1,1,0,1,0,0,0,0,0,0,0,0
REQ-3205,3사단,8,1,0,1,1,1,1,0,0,0,1,0,0,0,1,1
REQ-3206,공군지원,3,1,0,0,1,1,1,1,1,0,1,1,1,1,1,1
REQ-3207,2사단,10,1,0,1,1,0,0,1,0,0,1,0,0,0,1,0
REQ-3208,2사단,10,1,0,0,1,0,1,1,1,1,0,0,0,0,1,1
REQ-3209,2사단,4,0,0,0,0,1,0,0,0,0,1,0,0,0,0,0
REQ-3210,해병대,4,1,0,1,1,0,1,0,0,1,1,1,0,0,0,0
REQ-3211,1사단,1,1,0,1,1,0,0,0,0,1,1,0,0,1,1,0
REQ-3212,해병대,5,1,1,0,1,1,1,0,0,1,1,0,1,1,1,1
REQ-3213,1사단,6,1,0,0,1,0,1,1,0,0,0,0,0,0,1,0
REQ-3214,특전사,2,1,0,0,1,0,1,0,0,0,1,1,0,1,1,0
REQ-3215,해병대,8,1,0,1,1,1,1,0,0,1,1,1,0,1,0,1
REQ-3216,3사단,9,1,1,1,1,0,0,0,1,1,1,0,1,1,1,0
REQ-3217,1사단,4,1,1,1,1,1,0,0,0,1,0,1,1,0,1,0
REQ-3218,2사단,7,1,0,1,1,1,0,0,0,0,1,0,0,0,1,1
REQ-3219,3사단,8,1,0,1,1,1,1,0,0,0,0,0,0,0,0,0
REQ-3220,특전사,1,0,1,1,0,0,1,1,0,1,1,1,1,1,0,0
REQ-3221,3사단,7,1,1,1,1,1,1,1,0,1,1,1,1,0,1,1
REQ-3222,공군지원,10,1,0,0,0,0,1,1,0,0,0,1,0,1,0,0
REQ-3223,3사단,9,0,1,0,0,1,0,0,1,0,0,0,1,1,0,0
REQ-3224,해병대,4,0,1,0,1,0,1,0,1,0,1,1,1,0,0,0
REQ-3225,공군지원,12,0,1,0,0,0,1,0,0,0,0,1,1,1,1,0
REQ-3226,3사단,10,1,0,1,1,0,0,0,0,1,1,0,0,0,0,0
REQ-3227,1사단,10,1,0,0,0,0,1,0,0,1,0,0,0,1,0,0
REQ-3228,해병대,3,0,1,0,0,0,0,0,1,0,1,1,1,0,1,1
REQ-3229,공군지원,3,1,1,1,1,0,0,0,0,0,0,1,0,0,1,0
REQ-3230,해병대,7,1,1,1,1,0,1,0,0,0,0,1,1,1,0,0
REQ-3231,해병대,6,1,1,1,1,1,0,1,0,1,1,1,1,1,1,1
REQ-3232,3사단,4,1,1,1,1,1,0,0,0,0,0,1,1,1,0,0
REQ-3233,1사단,7,0,1,0,0,0,1,0,1,0,0,1,1,1,0,0
REQ-3234,1사단,2,1,0,0,1,1,1,0,0,1,1,0,0,0,1,1
REQ-3235,2사단,4,0,0,0,0,0,0,0,0,1,1,0,0,1,0,0
REQ-3236,1사단,6,0,1,0,0,1,0,0,0,1,1,0,1,1,1,0
REQ-3237,3사단,12,1,1,1,1,1,1,0,0,0,1,1,1,0,1,1
REQ-3238,공군지원,11,0,1,0,0,0,1,1,0,1,1,0,1,1,0,0
REQ-3239,1사단,3,1,1,1,1,0,0,1,1,0,0,1,1,0,1,0
REQ-3240,특전사,1,1,1,1,1,0,0,1,0,1,1,1,1,0,1,1
REQ-3241,1사단,2,1,0,1,1,0,1,1,1,1,0,0,0,0,0,1
REQ-3242,3사단,10,0,0,0,0,0,1,1,1,0,0,0,0,0,0,0
REQ-3243,공군지원,2,1,1,1,1,1,1,0,0,0,1,0,0,0,0,1
REQ-3244,3사단,3,1,0,1,1,0,1,1,0,0,0,1,0,0,0,0
REQ-3245,1사단,3,0,1,0,0,1,0,0,0,0,1,1,1,1,1,1
REQ-3246,해병대,7,1,1,0,1,1,0,0,1,0,1,1,1,1,1,1
REQ-3247,특전사,9,0,1,0,0,1,1,1,0,1,1,1,0,0,0,1
REQ-3248,1사단,2,0,1,1,0,1,1,0,0,0,0,1,1,0,1,0
REQ-3249,해병대,4,1,1,1,1,1,0,0,0,0,1,1,1,0,1,1
REQ-3250,해병대,6,1,0,1,1,0,1,0,0,1,1,0,1,0,0,0
REQ-3251,해병대,7,1,1,0,1,1,0,0,0,0,0,0,1,1,1,0
REQ-3252,3사단,1,1,1,0,1,1,0,0,0,0,0,1,1,1,1,0
REQ-3253,특전사,3,1,1,1,1,0,1,1,0,0,0,1,1,1,1,0
REQ-3254,특전사,2,0,1,1,1,0,1,0,1,1,1,1,1,1,1,0
REQ-3255,공군지원,8,0,1,0,0,0,0,1,0,1,0,1,1,1,1,0
REQ-3256,특전사,5,1,0,0,1,0,0,1,0,0,0,1,0,0,1,0
REQ-3257,공군지원,10,1,1,0,1,0,1,0,1,0,0,1,1,0,1,0
REQ-3258,3사단,11,1,0,1,1,1,1,1,0,0,1,1,0,0,1,1
REQ-3259,공군지원,8,0,0,0,0,0,0,1,0,0,1,0,0,1,1,1
REQ-3260,1사단,4,0,0,0,0,0,0,0,0,1,1,1,1,0,0,0
REQ-3261,해병대,1,0,1,0,0,0,0,1,0,1,1,1,1,1,1,0
REQ-3262,1사단,12,1,1,1,1,1,1,0,0,1,1,1,1,1,1,0
REQ-3263,2사단,4,0,1,0,0,0,1,0,0,1,0,1,1,1,1,0
REQ-3264,2사단,6,0,1,0,0,1,1,0,0,0,1,1,1,0,0,1
REQ-3265,특전사,6,1,1,1,1,1,1,0,0,0,1,1,1,1,1,1
REQ-3266,해병대,12,1,1,1,1,0,0,1,0,0,0,1,1,0,0,0
REQ-3267,2사단,7,0,1,0,0,0,1,0,0,0,0,1,1,0,1,0
REQ-3268,1사단,4,1,1,1,1,1,0,1,1,0,0,1,1,1,1,0
REQ-3269,1사단,10,0,0,0,0,0,0,1,1,1,0,0,0,0,1,0
REQ-3270,공군지원,5,1,1,0,1,1,1,0,0,0,0,1,1,1,1,1
REQ-3271,공군지원,4,0,1,1,0,1,1,0,1,1,1,0,0,0,0,1
REQ-3272,2사단,8,1,1,0,0,0,1,0,0,0,1,1,1,0,1,0
REQ-3273,3사단,8,0,1,0,0,0,1,0,0,0,0,1,1,1,0,0
REQ-3274,2사단,7,1,1,1,1,0,1,0,1,0,0,1,1,1,0,0
REQ-3275,공군지원,10,1,1,1,1,0,0,0,0,1,1,1,1,0,1,0
REQ-3276,2사단,4,1,1,1,0,0,1,0,0,0,0,0,1,1,1,1
REQ-3277,특전사,7,1,1,1,1,0,1,0,0,0,0,1,1,0,1,1
REQ-3278,공군지원,11,1,1,0,1,1,1,0,0,1,1,0,1,1,1,1
REQ-3279,1사단,9,1,1,1,1,1,0,1,0,0,1,1,1,0,0,1
REQ-3280,특전사,3,0,1,1,1,0,1,1,0,0,0,1,1,0,0,0
REQ-3281,1사단,10,1,1,0,1,0,0,1,0,1,1,1,1,0,1,1
REQ-3282,해병대,3,1,0,1,1,1,1,0,1,0,1,0,0,0,0,1
REQ-3283,1사단,11,1,1,1,1,0,1,0,0,0,0,0,1,1,1,0
REQ-3284,공군지원,12,1,1,0,1,0,0,0,0,1,0,1,0,0,1,1
REQ-3285,2사단,8,1,1,0,1,1,1,0,0,1,1,1,1,1,1,0
REQ-3286,3사단,11,1,1,0,1,1,0,1,0,1,1,0,1,1,1,1
REQ-3287,1사단,9,1,0,0,0,0,0,0,0,0,0,0,0,0,0,0
REQ-3288,2사단,9,1,1,0,1,1,0,1,0,0,1,1,1,0,1,1
REQ-3289,공군지원,10,1,1,0,0,1,0,0,0,1,1,1,1,0,0,1
REQ-3290,2사단,7,0,0,0,0,1,1,0,0,1,1,0,0,0,1,1
REQ-3291,공군지원,5,0,1,0,0,1,0,0,0,0,1,1,1,0,0,1
REQ-3292,특전사,5,1,1,0,0,0,1,1,0,0,0,1,1,0,0,1
REQ-3293,2사단,9,0,0,1,0,1,1,1,0,1,1,0,1,0,0,0
REQ-3294,특전사,4,0,1,0,0,1,1,1,0,1,1,1,1,0,0,1
REQ-3295,1사단,12,0,0,0,1,0,0,0,0,0,0,0,0,0,0,0
REQ-3296,2사단,12,1,1,0,0,1,0,0,0,0,1,1,1,0,0,1
REQ-3297,2사단,5,1,1,1,1,0,0,1,0,0,0,1,1,1,1,0
REQ-3298,해병대,6,1,1,0,1,0,0,0,0,1,1,0,0,0,1,0
REQ-3299,1사단,11,1,0,1,1,1,0,1,0,0,1,0,0,0,0,1
REQ-3300,1사단,11,1,0,1,1,0,0,1,0,0,1,1,0,0,0,1
REQ-3301,특전사,8,1,1,0,1,1,0,1,1,1,1,0,1,1,1,1
REQ-3302,공군지원,1,1,0,1,0,1,1,0,0,0,0,0,0,1,0,0
REQ-3303,특전사,7,0,1,0,0,1,1,1,1,0,1,1,1,0,1,1
REQ-3304,공군지원,11,0,1,0,0,1,1,1,1,1,1,1,1,1,0,1
REQ-3305,해병대,7,1,1,1,1,0,0,0,0,0,0,1,1,1,0,0
REQ-3306,특전사,10,1,1,0,1,1,0,1,0,0,0,1,1,0,1,0
REQ-3307,공군지원,3,0,1,0,0,0,1,0,0,1,1,1,1,1,1,0
REQ-3308,3사단,2,0,1,0,1,0,1,0,0,0,0,1,1,1,0,1
REQ-3309,3사단,12,1,0,1,1,1,1,0,0,0,0,0,0,0,1,1
REQ-3310,해병대,11,0,1,0,1,1,0,0,0,0,0,1,1,1,0,1
REQ-3311,2사단,1,1,1,0,1,0,1,1,1,0,1,1,1,1,1,0
REQ-3312,3사단,2,1,1,1,1,0,0,0,0,0,1,0,1,1,1,0
REQ-3313,공군지원,2,1,1,1,1,0,1,1,1,0,1,1,1,1,0,0
REQ-3314,1사단,8,1,1,1,0,0,0,0,0,1,1,1,1,1,0,1
REQ-3315,공군지원,2,1,1,1,0,0,0,0,0,1,1,1,1,1,0,0
REQ-3316,공군지원,11,1,1,0,1,0,1,1,0,0,0,1,1,0,1,0
REQ-3317,2사단,8,0,1,0,0,1,1,0,1,0,1,1,1,0,0,1
REQ-3318,1사단,4,0,1,1,0,1,0,1,0,0,1,1,1,0,0,1
REQ-3319,해병대,2,1,0,0,1,0,1,1,0,0,1,1,0,0,1,0
REQ-3320,공군지원,2,0,1,0,0,1,1,1,0,1,1,1,1,0,0,1
REQ-3321,특전사,4,1,1,1,1,0,1,1,1,1,1,1,1,0,1,0
REQ-3322,2사단,9,1,1,1,1,0,1,1,0,0,0,0,1,1,1,0
REQ-3323,공군지원,5,1,1,0,1,1,0,1,0,0,0,1,1,0,1,0
REQ-3324,1사단,8,1,1,0,1,0,0,0,0,0,0,1,1,1,1,1
REQ-3325,해병대,6,1,1,0,1,1,1,0,0,0,1,1,1,0,1,0
REQ-3326,해병대,3,0,0,0,0,0,0,0,0,0,0,0,1,0,0,0
REQ-3327,특전사,3,0,0,0,0,0,0,1,0,0,0,0,1,1,0,0
REQ-3328,특전사,11,1,1,1,1,1,0,0,0,1,1,1,1,1,1,1
REQ-3329,해병대,5,1,0,0,1,0,0,0,1,0,0,0,0,0,1,0
REQ-3330,3사단,12,1,1,1,1,1,0,1,0,0,1,0,1,1,1,0
REQ-3331,해병대,7,1,1,1,1,1,1,1,0,1,1,0,0,0,0,0
REQ-3332,2사단,4,0,0,0,1,0,1,0,0,1,1,0,1,0,0,0
REQ-3333,3사단,11,1,0,1,1,0,0,1,0,1,1,0,1,1,0,1
REQ-3334,해병대,6,0,0,0,0,0,0,0,0,1,1,0,0,0,0,0
REQ-3335,3사단,12,0,1,0,0,0,1,0,0,0,0,0,1,1,1,0
REQ-3336,3사단,8,1,0,0,1,0,0,0,0,1,1,0,0,0,1,0
REQ-3337,해병대,5,0,1,0,0,0,1,1,0,1,1,1,1,1,0,0
REQ-3338,1사단,6,0,0,1,0,1,1,1,1,0,1,1,0,1,0,1
REQ-3339,3사단,3,1,1,1,0,0,1,0,0,0,0,0,0,1,0,0
REQ-3340,특전사,3,1,1,1,1,1,0,0,0,0,1,1,1,1,1,1
REQ-3341,1사단,2,0,1,1,0,0,0,0,0,0,0,1,1,1,0,0
REQ-3342,특전사,7,1,1,0,1,0,1,1,0,1,1,1,1,1,1,0
REQ-3343,1사단,11,1,1,0,1,1,0,1,0,0,1,1,1,0,0,1
REQ-3344,공군지원,11,1,0,0,0,1,0,1,0,1,1,0,0,1,0,0
REQ-3345,1사단,6,0,1,0,0,0,0,0,0,1,1,1,1,0,0,0
REQ-3346,3사단,9,0,1,1,0,0,1,1,0,1,0,0,1,1,0,0
REQ-3347,특전사,10,1,1,1,1,0,0,1,0,1,1,0,0,1,0,0
REQ-3348,공군지원,4,1,1,0,0,1,1,1,1,1,1,1,1,0,1,1
REQ-3349,3사단,4,0,0,0,0,0,1,1,0,0,0,0,1,0,0,1
REQ-3350,2사단,2,1,1,0,1,0,1,1,0,0,1,0,0,1,1,0
REQ-3351,2사단,11,1,0,0,1,1,1,1,0,0,1,0,1,0,1,1
REQ-3352,2사단,2,0,1,0,0,0,1,0,0,1,1,0,1,1,0,1
REQ-3353,3사단,1,1,1,1,1,0,1,1,1,0,0,0,1,1,1,0
REQ-3354,1사단,11,1,0,0,1,0,1,0,0,1,1,0,0,1,1,0
REQ-3355,공군지원,8,1,0,1,1,0,0,0,0,0,0,1,0,0,0,0
REQ-3356,3사단,6,1,0,0,1,0,0,0,0,0,1,0,0,0,1,0
REQ-3357,공군지원,6,0,1,1,0,1,1,1,0,0,1,0,1,1,0,1
REQ-3358,특전사,2,0,0,1,0,1,1,0,0,1,1,1,0,1,0,0
REQ-3359,해병대,6,1,1,1,1,0,0,1,0,1,1,1,1,1,1,0
REQ-3360,1사단,9,1,0,1,1,0,1,1,0,1,1,0,0,0,1,0
REQ-3361,공군지원,6,1,0,1,1,0,0,1,0,1,1,1,0,0,1,1
REQ-3362,2사단,12,0,1,0,0,0,1,1,0,1,1,0,1,1,0,1
REQ-3363,2사단,9,1,1,1,1,1,1,1,0,0,1,0,1,1,1,1
REQ-3364,1사단,7,1,0,0,0,1,1,1,0,0,1,1,0,0,0,1
REQ-3365,1사단,11,1,1,1,1,0,1,0,1,0,0,1,1,1,0,0
REQ-3366,3사단,11,1,1,0,1,1,1,1,1,1,1,0,1,1,1,1
REQ-3367,특전사,12,1,0,1,1,1,0,1,1,1,1,0,0,0,1,1
REQ-3368,공군지원,1,1,1,1,1,0,0,1,1,1,0,1,1,0,0,1
REQ-3369,2사단,8,1,1,1,1,1,1,0,0,0,1,1,1,1,1,1
REQ-3370,공군지원,11,1,1,1,1,1,0,1,0,0,1,1,1,1,0,1
REQ-3371,1사단,2,0,0,1,0,0,0,1,0,0,0,0,0,0,0,1
REQ-3372,공군지원,6,1,1,0,0,1,1,1,1,0,0,0,1,1,0,0
REQ-3373,2사단,3,1,0,1,1,0,0,1,0,0,0,0,0,0,1,0
REQ-3374,공군지원,3,1,1,1,1,1,0,1,0,1,1,0,0,0,0,1
REQ-3375,3사단,10,1,0,1,0,1,1,1,0,0,0,0,0,1,0,0
REQ-3376,공군지원,11,1,1,1,1,0,1,0,0,0,0,1,0,1,1,0
REQ-3377,특전사,11,0,1,0,1,1,1,0,0,0,0,1,1,1,1,0
REQ-3378,특전사,10,0,0,1,0,0,0,1,0,0,0,0,1,0,0,0
REQ-3379,특전사,2,1,1,0,0,0,0,1,0,1,1,1,1,0,0,0
REQ-3380,3사단,5,0,0,0,0,1,1,0,1,1,1,0,0,0,0,0
REQ-3381,2사단,8,0,1,0,0,0,1,0,1,0,0,0,1,0,0,0
REQ-3382,2사단,6,1,1,1,1,0,1,0,0,0,1,1,1,1,0,1
REQ-3383,2사단,10,0,1,0,0,1,0,0,0,0,1,1,1,1,0,1
REQ-3384,1사단,12,0,1,0,1,0,0,0,0,0,0,1,1,1,1,0
REQ-3385,해병대,8,1,1,1,1,1,1,0,0,1,1,1,1,0,0,0
REQ-3386,특전사,9,1,0,1,1,1,0,1,0,1,1,0,0,0,1,1
REQ-3387,2사단,2,1,1,1,1,1,0,0,0,1,1,1,1,1,0,1
REQ-3388,1사단,11,1,1,0,0,1,1,0,0,0,1,0,1,1,0,1
REQ-3389,2사단,3,1,1,0,1,0,0,1,0,1,0,0,1,1,1,0
REQ-3390,해병대,12,1,1,1,1,1,0,1,1,0,0,0,1,1,1,0
REQ-3391,공군지원,5,0,1,0,0,1,0,1,0,0,1,1,1,0,1,1
REQ-3392,특전사,1,1,1,0,1,1,1,0,1,0,0,1,1,1,1,0
REQ-3393,2사단,12,0,1,0,0,0,0,1,0,1,1,0,1,1,0,0
REQ-3394,2사단,7,1,1,1,1,0,0,0,1,0,1,1,1,0,0,1
REQ-3395,공군지원,8,1,1,1,1,1,1,1,0,1,1,0,0,0,0,0
REQ-3396,2사단,1,1,1,1,1,0,1,0,0,1,1,1,1,1,0,0
REQ-3397,3사단,3,0,1,1,1,1,0,0,0,0,1,0,1,1,1,1
REQ-3398,공군지원,3,0,1,0,0,1,1,1,1,1,1,1,1,0,0,1
REQ-3399,2사단,9,0,1,0,0,0,1,1,0,0,0,1,1,1,0,0
REQ-3400,3사단,9,0,1,0,0,1,1,0,0,1,1,1,1,1,0,1
REQ-3401,해병대,5,1,0,1,1,1,0,1,1,1,1,0,1,0,0,1
REQ-3402,특전사,11,0,0,0,0,0,0,1,0,1,0,0,1,0,0,1
REQ-3403,3사단,9,0,0,1,0,1,0,0,1,1,1,0,0,0,0,1
REQ-3404,3사단,1,1,0,1,1,0,1,0,1,0,0,0,0,1,0,0
REQ-3405,3사단,7,1,1,1,1,0,0,1,0,0,0,0,1,1,1,0
REQ-3406,1사단,4,0,1,0,0,1,0,0,0,0,1,1,1,1,0,1
REQ-3407,3사단,9,1,1,1,1,1,1,0,1,1,1,0,0,0,1,1
REQ-3408,해병대,4,1,0,0,0,0,1,1,1,1,1,0,0,0,0,1
REQ-3409,특전사,7,1,1,0,0,0,0,0,0,1,1,1,1,1,0,0
REQ-3410,2사단,3,0,1,0,0,0,1,0,0,0,1,1,1,1,0,0
REQ-3411,2사단,7,1,1,1,1,1,0,1,0,1,1,0,0,0,0,1
REQ-3412,1사단,2,1,0,0,1,0,1,0,0,0,1,0,1,1,1,0
REQ-3413,공군지원,6,1,1,1,1,1,0,0,0,1,1,1,1,0,1,1
REQ-3414,해병대,5,1,1,1,1,0,1,1,0,1,1,0,1,1,1,0
REQ-3415,2사단,2,1,1,0,1,1,1,1,0,1,1,0,1,1,1,1
REQ-3416,1사단,7,0,0,1,0,1,1,1,0,1,1,0,0,0,1,1
REQ-3417,해병대,4,1,1,1,1,1,0,1,0,0,0,0,1,1,1,0
REQ-3418,공군지원,1,1,0,0,1,1,0,1,0,1,1,0,0,0,1,1
REQ-3419,2사단,5,0,1,0,0,0,0,0,0,1,1,1,1,1,0,1
REQ-3420,해병대,1,0,0,1,0,0,1,1,0,1,1,0,0,1,0,0
REQ-3421,2사단,2,0,1,1,0,1,0,0,0,0,1,1,1,1,1,0
REQ-3422,공군지원,8,1,0,0,1,1,1,0,0,1,0,0,0,1,1,0
REQ-3423,특전사,3,1,1,1,1,0,0,1,0,1,1,0,1,1,1,0
REQ-3424,3사단,10,1,0,0,1,1,0,0,1,0,1,0,1,0,1,1
REQ-3425,특전사,11,1,1,1,1,1,1,1,0,0,1,1,1,1,0,1
REQ-3426,공군지원,7,0,0,1,0,0,1,1,1,0,0,0,0,0,0,0
REQ-3427,2사단,5,1,1,1,1,1,1,1,1,1,1,1,1,0,1,1
REQ-3428,1사단,11,0,1,0,0,1,1,1,0,0,1,1,1,1,0,1
REQ-3429,공군지원,12,0,0,0,0,1,0,1,0,1,1,0,0,0,1,0
REQ-3430,해병대,8,1,0,1,1,1,0,0,0,0,0,0,0,0,0,0
REQ-3431,해병대,10,0,1,0,0,1,1,0,0,0,1,0,1,1,0,1
REQ-3432,특전사,5,1,1,1,1,1,1,1,0,1,1,1,1,0,0,1
REQ-3433,해병대,9,1,0,0,0,0,0,0,0,1,0,1,1,0,0,0
REQ-3434,2사단,7,1,1,1,1,0,1,1,0,1,0,1,1,1,0,0
REQ-3435,3사단,3,1,1,1,1,1,0,1,0,0,0,1,1,0,0,0
REQ-3436,공군지원,2,0,1,1,0,0,1,0,0,0,0,0,1,1,0,0
REQ-3437,1사단,8,1,1,0,1,0,0,0,0,1,0,0,0,1,1,0
REQ-3438,2사단,7,1,0,0,1,1,0,1,0,1,0,0,0,0,1,0
REQ-3439,해병대,12,1,0,1,1,0,1,0,1,0,0,1,0,1,1,0
REQ-3440,해병대,11,1,1,1,1,0,0,0,0,0,1,0,1,1,0,1
REQ-3441,공군지원,6,1,0,1,1,1,1,1,0,0,1,0,0,0,0,1
REQ-3442,1사단,6,1,1,1,1,0,0,0,0,0,1,0,0,0,1,1
REQ-3443,1사단,11,1,0,0,1,1,1,1,0,1,1,0,0,0,1,1
REQ-3444,특전사,3,1,0,0,1,0,1,1,0,0,0,0,0,0,1,0
REQ-3445,2사단,12,1,0,1,1,0,1,0,0,1,1,0,0,0,1,0
REQ-3446,1사단,3,1,1,1,1,1,0,0,0,0,1,1,1,1,0,1
REQ-3447,공군지원,9,1,0,1,1,0,1,0,0,1,0,1,0,0,1,1
REQ-3448,1사단,3,1,1,0,1,0,0,0,0,0,0,0,1,1,1,0
REQ-3449,해병대,9,1,1,1,1,0,1,1,0,0,0,1,1,0,0,0
REQ-3450,2사단,12,1,1,0,1,0,0,1,0,1,0,1,1,0,0,0
REQ-3451,특전사,4,0,1,1,0,1,1,1,0,0,1,0,1,1,0,0
REQ-3452,1사단,2,1,1,0,1,1,0,0,0,0,1,1,1,0,1,0
REQ-3453,2사단,12,1,1,1,1,0,1,1,0,1,1,1,1,0,1,0
REQ-3454,공군지원,1,1,1,1,1,0,1,0,1,1,1,0,0,0,0,0
REQ-3455,특전사,11,1,1,1,1,0,0,0,0,0,0,1,1,1,1,0
REQ-3456,1사단,5,0,1,0,0,1,1,1,0,0,1,1,1,0,0,1
REQ-3457,2사단,5,1,0,1,1,0,0,1,0,1,1,0,0,1,0,0
REQ-3458,3사단,8,0,0,1,1,1,0,0,1,0,1,0,0,0,0,1
REQ-3459,2사단,2,1,0,1,1,1,1,1,0,1,1,0,1,0,0,1
REQ-3460,1사단,4,0,0,0,1,1,0,1,0,0,0,0,0,1,0,0
REQ-3461,해병대,1,1,1,0,0,0,1,0,0,0,0,1,1,0,0,0
REQ-3462,특전사,5,1,0,0,1,0,0,1,0,1,1,1,0,0,1,0
REQ-3463,1사단,6,1,1,0,1,0,0,0,1,0,0,1,1,1,1,0
REQ-3464,1사단,4,1,1,1,1,0,0,1,0,1,1,1,1,0,1,0
REQ-3465,1사단,10,0,1,0,0,1,0,1,0,0,1,1,1,1,0,0
REQ-3466,공군지원,11,1,0,0,1,0,0,0,1,1,1,0,0,0,1,0
REQ-3467,특전사,6,0,1,0,0,1,1,0,0,0,1,0,0,0,0,1
REQ-3468,2사단,1,0,1,0,0,0,0,1,0,1,1,1,1,1,0,0
REQ-3469,2사단,3,1,1,0,0,0,0,0,1,0,0,1,1,1,0,0
REQ-3470,공군지원,7,0,1,0,0,1,1,0,0,1,1,1,1,0,0,1
REQ-3471,1사단,3,0,1,1,0,0,1,0,0,0,0,0,0,0,0,0
REQ-3472,해병대,10,0,1,1,0,0,1,0,1,0,0,1,1,0,0,1
REQ-3473,3사단,5,1,1,0,1,0,0,0,0,0,0,1,1,1,0,1
REQ-3474,2사단,12,1,1,0,1,0,1,1,1,1,0,0,0,0,1,0
REQ-3475,1사단,9,1,1,1,1,0,1,1,0,1,0,0,1,1,0,1
REQ-3476,2사단,3,1,1,1,1,1,0,0,0,0,1,1,1,0,0,1
REQ-3477,공군지원,5,1,1,1,1,1,1,1,0,0,1,1,1,1,0,1
REQ-3478,공군지원,10,0,1,0,0,0,0,1,0,0,0,0,0,0,0,0
REQ-3479,해병대,1,0,1,0,0,1,1,1,0,0,1,1,1,0,0,1
REQ-3480,해병대,11,0,1,0,0,1,0,1,1,1,1,0,1,1,1,1
REQ-3481,해병대,7,1,1,1,1,1,1,0,0,1,1,0,1,1,1,1
REQ-3482,특전사,7,0,1,1,1,1,1,1,0,1,1,1,1,0,0,0
REQ-3483,해병대,12,0,1,0,0,0,0,0,0,0,0,1,1,1,0,0
REQ-3484,해병대,11,1,1,1,0,1,1,0,0,0,0,0,0,0,0,1
REQ-3485,3사단,11,0,0,1,0,0,1,1,0,1,1,1,0,0,1,0
REQ-3486,특전사,5,1,0,1,1,0,1,0,0,1,1,1,0,0,0,0
REQ-3487,특전사,5,1,1,0,1,0,0,1,0,0,0,0,1,1,0,0
REQ-3488,3사단,2,1,1,0,1,1,0,1,0,0,0,1,1,1,1,0
REQ-3489,2사단,12,1,0,1,1,1,1,1,0,1,1,1,0,0,0,1
REQ-3490,3사단,9,1,0,0,1,0,0,1,0,1,1,0,0,0,1,1
REQ-3491,특전사,10,1,1,0,1,1,1,0,0,0,1,1,1,0,1,1
REQ-3492,3사단,4,0,1,0,0,1,1,0,0,1,1,0,1,1,0,1
REQ-3493,1사단,9,0,1,0,0,1,0,0,0,0,1,1,1,1,0,1
REQ-3494,1사단,7,1,0,1,1,1,0,0,0,0,1,0,1,0,1,1
REQ-3495,해병대,7,1,1,0,0,1,0,0,0,1,1,1,1,1,1,1
REQ-3496,해병대,9,0,0,0,1,1,0,0,0,0,1,0,0,0,0,1
REQ-3497,특전사,1,0,1,0,1,1,1,1,0,1,1,1,1,1,0,1
REQ-3498,3사단,2,0,1,0,1,1,0,1,0,1,0,1,1,0,1,0
REQ-3499,해병대,10,1,1,1,1,1,0,1,1,0,0,0,1,1,0,0
REQ-3500,특전사,12,0,0,0,0,1,1,0,0,0,1,0,0,0,1,1
REQ-3501,해병대,12,0,1,0,0,0,0,1,0,0,0,0,0,0,0,0
REQ-3502,3사단,7,1,1,0,1,0,0,0,0,1,1,0,1,1,1,1
REQ-3503,3사단,6,0,0,0,0,0,1,0,0,0,0,0,0,0,1,0
REQ-3504,2사단,10,1,1,1,1,0,1,0,0,1,0,1,1,1,1,0
REQ-3505,2사단,6,1,0,0,1,0,0,0,1,1,1,1,0,0,1,0
REQ-3506,1사단,11,1,1,1,1,0,0,1,1,0,0,1,1,0,1,0
REQ-3507,1사단,12,0,0,1,0,1,0,0,0,0,1,0,0,1,0,0
REQ-3508,공군지원,5,0,0,0,0,0,0,0,0,1,1,1,0,1,1,1
REQ-3509,해병대,4,1,0,1,1,1,1,1,0,0,1,0,0,0,1,1
REQ-3510,2사단,2,1,0,0,1,1,0,0,0,0,1,0,0,1,1,1
REQ-3511,해병대,12,0,1,0,0,0,0,0,0,1,0,1,1,1,0,0
REQ-3512,3사단,9,1,0,1,1,0,0,1,0,1,1,0,0,0,0,0
REQ-3513,1사단,5,1,0,1,1,0,0,0,0,0,0,0,0,0,1,1
REQ-3514,2사단,7,0,0,1,0,1,1,1,0,1,1,1,0,1,0,1
REQ-3515,1사단,9,1,1,0,1,0,0,1,0,1,1,1,1,1,1,0
REQ-3516,2사단,5,0,1,1,1,1,0,0,0,1,1,1,1,0,0,1
REQ-3517,2사단,1,0,1,0,0,0,0,0,0,1,1,1,1,0,0,0
REQ-3518,해병대,4,0,1,0,0,0,0,1,0,0,0,1,1,1,0,0
REQ-3519,해병대,11,0,1,0,0,1,0,0,0,0,0,1,1,1,0,0
REQ-3520,특전사,11,1,1,1,1,0,0,0,0,0,0,1,1,1,1,0
REQ-3521,특전사,3,1,1,1,1,1,0,1,0,0,1,1,1,1,1,1
REQ-3522,특전사,1,0,0,0,0,1,1,1,0,0,1,0,1,0,0,1
REQ-3523,2사단,4,0,1,1,1,0,1,0,0,0,0,0,1,1,0,0
REQ-3524,2사단,3,1,1,0,1,1,0,0,0,1,1,0,1,1,1,1
REQ-3525,특전사,9,0,1,0,1,0,1,1,0,0,0,0,1,0,0,0
REQ-3526,1사단,3,1,1,0,0,1,0,0,0,1,1,0,1,1,0,1
REQ-3527,2사단,8,1,0,1,1,0,0,0,0,1,0,1,0,1,1,0
REQ-3528,2사단,5,1,0,1,1,0,0,1,0,1,1,0,0,0,1,1
REQ-3529,해병대,4,0,0,0,0,0,0,0,0,1,1,0,0,0,1,0
REQ-3530,특전사,12,0,0,0,0,0,0,1,0,1,0,1,1,0,1,0
REQ-3531,2사단,1,1,1,0,0,1,1,1,0,0,1,1,1,1,0,1
REQ-3532,공군지원,11,1,1,0,0,0,1,0,0,0,0,0,1,1,0,0
REQ-3533,2사단,2,0,1,1,0,0,1,1,1,0,1,1,1,0,0,0
REQ-3534,해병대,1,1,0,1,0,0,0,0,0,1,1,0,0,0,0,0
REQ-3535,공군지원,12,1,1,1,1,1,0,0,0,1,0,1,1,1,1,0
REQ-3536,특전사,11,1,1,0,0,0,0,1,1,1,0,1,1,1,0,0
REQ-3537,공군지원,3,0,0,0,0,1,0,0,0,1,1,0,0,0,0,1
REQ-3538,해병대,8,0,1,1,0,0,1,0,0,1,1,1,1,1,0,0
REQ-3539,공군지원,1,1,0,0,0,0,1,1,0,1,0,1,0,0,0,0
REQ-3540,특전사,7,1,1,1,1,1,1,0,1,0,1,1,1,1,1,1
REQ-3541,해병대,7,0,1,1,1,0,0,1,0,0,1,1,1,1,0,0
REQ-3542,3사단,7,0,1,0,1,0,1,0,0,0,0,1,1,0,1,0
REQ-3543,2사단,9,1,1,1,1,1,0,0,1,0,1,0,1,1,1,1
REQ-3544,해병대,10,1,1,1,1,0,1,0,0,1,0,0,0,0,0,0
REQ-3545,해병대,6,1,1,1,1,0,0,0,0,1,1,1,1,0,1,0
REQ-3546,공군지원,9,0,1,0,0,1,0,1,1,0,1,1,1,0,1,1
REQ-3547,2사단,7,0,1,0,0,1,1,0,0,0,1,0,1,1,0,1
REQ-3548,특전사,12,1,1,0,1,1,1,1,1,0,1,0,0,1,1,1
REQ-3549,1사단,1,1,1,1,1,0,0,1,1,0,0,1,1,1,1,0
REQ-3550,특전사,1,0,1,1,1,0,1,1,0,1,1,1,1,0,0,0
REQ-3551,특전사,7,1,1,0,1,0,1,0,0,0,0,1,1,0,1,0
REQ-3552,공군지원,6,1,0,0,1,1,1,0,0,1,0,1,1,0,1,0
REQ-3553,해병대,3,0,1,0,0,0,1,1,0,0,1,0,1,1,1,0
REQ-3554,3사단,11,1,1,0,1,1,0,1,0,0,1,1,1,1,1,1
REQ-3555,3사단,2,1,1,1,1,1,1,1,0,0,1,1,1,1,1,1
REQ-3556,해병대,9,1,0,1,1,0,0,1,1,0,1,0,0,1,0,1
REQ-3557,3사단,11,1,1,1,0,0,1,0,0,0,0,1,1,0,0,1
REQ-3558,2사단,12,1,1,1,1,1,1,1,0,0,1,1,1,1,1,1
REQ-3559,특전사,12,1,1,1,1,1,1,1,0,0,1,0,1,1,1,1
REQ-3560,특전사,7,0,1,1,0,0,1,0,1,0,0,1,1,0,0,0
REQ-3561,특전사,3,1,1,1,0,0,1,0,0,0,1,0,0,0,0,0
REQ-3562,해병대,3,1,1,1,1,0,0,0,1,0,0,1,1,1,0,0
REQ-3563,1사단,6,0,0,1,0,0,0,0,0,0,0,0,0,0,0,1
REQ-3564,공군지원,10,1,1,1,1,0,0,0,0,1,1,1,1,1,0,0
REQ-3565,해병대,4,1,1,0,1,1,0,0,0,1,0,1,1,0,1,0
REQ-3566,1사단,10,0,0,0,0,1,0,0,0,1,1,0,0,0,1,1
REQ-3567,해병대,8,0,1,1,0,0,1,0,0,0,0,0,1,1,0,0
REQ-3568,공군지원,2,0,1,0,0,1,0,1,1,0,1,1,1,0,0,1
REQ-3569,1사단,3,0,1,0,0,1,1,1,0,1,1,0,1,1,0,1
REQ-3570,공군지원,8,0,0,0,0,0,1,1,1,1,1,0,0,0,0,1
REQ-3571,1사단,1,1,0,0,0,1,1,1,0,0,1,0,0,0,0,1
REQ-3572,3사단,3,0,1,0,0,0,0,0,0,0,0,1,1,1,1,0
REQ-3573,공군지원,6,1,1,1,1,0,0,1,0,1,1,0,0,0,1,0
REQ-3574,특전사,8,1,0,0,1,0,1,0,0,0,0,0,0,0,1,0
REQ-3575,2사단,2,1,0,1,1,1,0,1,1,1,1,1,0,1,0,1
REQ-3576,1사단,2,1,0,1,1,0,1,0,1,1,1,0,1,0,1,0
REQ-3577,해병대,4,1,0,1,1,1,1,1,0,1,1,0,0,0,0,1
REQ-3578,2사단,2,1,0,1,1,1,0,0,0,0,0,0,0,0,1,0
REQ-3579,2사단,3,1,0,1,1,1,1,1,0,0,1,0,0,0,0,0
REQ-3580,1사단,4,0,1,1,0,1,1,0,0,1,1,1,1,1,0,1
REQ-3581,3사단,9,0,1,0,0,1,0,1,0,0,1,0,1,1,0,1
REQ-3582,1사단,7,0,0,0,0,0,1,0,0,1,1,0,0,0,0,0
REQ-3583,1사단,7,1,1,1,1,1,0,1,0,0,1,1,1,1,1,1
REQ-3584,공군지원,11,0,1,0,1,0,1,0,0,1,1,0,1,1,0,0
REQ-3585,해병대,11,0,1,0,0,1,1,1,0,1,1,1,1,1,0,0
REQ-3586,3사단,8,0,0,1,0,1,1,0,0,0,1,0,0,0,0,1
REQ-3587,1사단,4,1,0,0,1,0,1,1,0,0,0,0,0,1,1,0
REQ-3588,해병대,1,1,1,0,1,1,0,1,0,1,1,1,1,0,1,1
REQ-3589,해병대,1,1,1,0,1,1,1,0,1,0,1,0,1,1,1,1
REQ-3590,3사단,4,1,1,1,1,0,0,0,0,0,0,0,1,1,0,0
REQ-3591,3사단,8,1,1,1,1,1,0,0,0,0,1,1,1,1,0,1
REQ-3592,특전사,5,1,0,1,1,0,0,1,0,0,0,0,0,0,1,1
REQ-3593,특전사,7,1,1,0,1,1,1,1,0,0,0,1,0,0,1,0
REQ-3594,1사단,12,0,0,0,1,0,0,0,0,1,1,0,0,0,0,0
REQ-3595,3사단,4,0,1,0,0,1,1,0,0,0,1,1,1,0,0,1
REQ-3596,특전사,10,1,1,1,1,0,0,1,1,0,0,1,0,0,1,0
REQ-3597,특전사,2,1,1,1,1,1,1,1,1,1,1,1,1,0,1,1
REQ-3598,공군지원,12,0,0,0,0,1,0,1,0,1,1,1,0,1,1,1
REQ-3599,공군지원,3,1,1,0,1,0,0,1,0,1,1,1,1,0,1,0
